用户ID,IP区域,加入时间,离开时间,观看时长,观看时长(秒),登录名,手机,公司,地区,省份,城市,区,电话,邮箱,加入类型
"	1000097679","中国	新疆	乌鲁木齐	",2019/4/26 19:05,2019/4/26 19:07,0小时2分17秒,137.0(s),个人电脑,,,,,,,,,
"	1000097679","中国	新疆	乌鲁木齐	",2019/4/26 19:07,2019/4/26 21:53,2小时45分6秒,9906.0(s),个人电脑,,,,,,,,,
"	1000102004","中国	新疆	乌鲁木齐	",2019/4/26 20:00,2019/4/26 21:51,1小时51分12秒,6672.0(s),个人电脑,,,,,,,,,
"	1001911943","中国	新疆	乌鲁木齐	",2019/4/26 20:00,2019/4/26 20:01,0小时0分34秒,34.0(s),个人电脑,,,,,,,,,
"	1001911902","中国	北京	北京	",2019/4/26 20:00,2019/4/26 20:20,0小时20分9秒,1209.0(s),移动网页,,,,,,,,,
"	1002025364","中国	中国		",2019/4/26 20:00,2019/4/26 21:52,1小时51分23秒,6683.0(s),个人电脑,,,,,,,,,
"	1002003113","中国	陕西		",2019/4/26 20:00,2019/4/26 20:35,0小时35分8秒,2108.0(s),个人电脑,,,,,,,,,
"	1002085968","中国	江西	赣州	",2019/4/26 20:00,2019/4/26 20:06,0小时5分24秒,324.0(s),移动网页,,,,,,,,,
"	1002000218","中国	陕西	西安	",2019/4/26 20:00,2019/4/26 21:53,1小时52分10秒,6730.0(s),个人电脑,,,,,,,,,
"	1001950004","中国	北京	北京	",2019/4/26 20:00,2019/4/26 21:00,0小时59分35秒,3575.0(s),移动网页,,,,,,,,,
"	1002098695","中国	河南	新乡	",2019/4/26 20:00,2019/4/26 20:27,0小时26分12秒,1572.0(s),移动网页,,,,,,,,,
"	1002018043","中国	新疆		",2019/4/26 20:00,2019/4/26 20:59,0小时59分3秒,3543.0(s),个人电脑,,,,,,,,,
"	1002094613","中国	陕西	西安	",2019/4/26 20:00,2019/4/26 20:01,0小时0分19秒,19.0(s),个人电脑,,,,,,,,,
"	1001984313","中国	陕西	西安	",2019/4/26 20:00,2019/4/26 20:28,0小时27分35秒,1655.0(s),个人电脑,,,,,,,,,
"	1001986713","中国	陕西		",2019/4/26 20:00,2019/4/26 20:10,0小时9分56秒,596.0(s),个人电脑,,,,,,,,,
"	1002049416","中国	北京	北京	",2019/4/26 20:00,2019/4/26 20:32,0小时31分14秒,1874.0(s),移动网页,,,,,,,,,
"	1002018348","中国	河南	新乡	",2019/4/26 20:00,2019/4/26 20:27,0小时26分48秒,1608.0(s),移动网页,,,,,,,,,
"	1002091774","中国	陕西	西安	",2019/4/26 20:00,2019/4/26 20:59,0小时58分35秒,3515.0(s),个人电脑,,,,,,,,,
"	1001943742","中国	江西	赣州	",2019/4/26 20:00,2019/4/26 20:58,0小时57分39秒,3459.0(s),移动网页,,,,,,,,,
"	1002071231","中国	河南	新乡	",2019/4/26 20:00,2019/4/26 20:02,0小时1分32秒,92.0(s),移动网页,,,,,,,,,
"	1002077113","中国	北京	北京	",2019/4/26 20:00,2019/4/26 20:08,0小时8分1秒,481.0(s),移动网页,,,,,,,,,
"	1002077110","中国	河南	新乡	",2019/4/26 20:00,2019/4/26 21:00,0小时59分48秒,3588.0(s),移动网页,,,,,,,,,
"	1002018015","中国	陕西	西安	",2019/4/26 20:00,2019/4/26 20:03,0小时2分29秒,149.0(s),个人电脑,,,,,,,,,
"	1002050352","中国	陕西	西安	",2019/4/26 20:00,2019/4/26 20:25,0小时24分25秒,1465.0(s),个人电脑,,,,,,,,,
"	1001943482","中国	新疆		",2019/4/26 20:00,2019/4/26 20:59,0小时58分22秒,3502.0(s),个人电脑,,,,,,,,,
"	1002018082","中国	北京	北京	",2019/4/26 20:00,2019/4/26 20:11,0小时10分14秒,614.0(s),移动网页,,,,,,,,,
"	1002077244","中国	陕西	西安	",2019/4/26 20:00,2019/4/26 20:59,0小时58分41秒,3521.0(s),个人电脑,,,,,,,,,
"	1002057813","中国	江西	赣州	",2019/4/26 20:00,2019/4/26 20:02,0小时1分48秒,108.0(s),移动网页,,,,,,,,,
"	1002017433","中国	新疆	乌鲁木齐	",2019/4/26 20:00,2019/4/26 20:49,0小时48分35秒,2915.0(s),个人电脑,,,,,,,,,
"	1002069183","中国	江西	赣州	",2019/4/26 20:01,2019/4/26 20:01,0小时0分5秒,5.0(s),移动网页,,,,,,,,,
"	1002018072","中国	北京	北京	",2019/4/26 20:01,2019/4/26 21:11,1小时10分11秒,4211.0(s),移动网页,,,,,,,,,
"	1002018076","中国	江西	赣州	",2019/4/26 20:01,2019/4/26 20:50,0小时49分2秒,2942.0(s),移动网页,,,,,,,,,
"	1002018070","中国	北京	北京	",2019/4/26 20:01,2019/4/26 20:13,0小时12分0秒,720.0(s),移动网页,,,,,,,,,
"	1002043036","中国	贵州	贵阳	",2019/4/26 20:01,2019/4/26 21:52,1小时51分23秒,6683.0(s),个人电脑,,,,,,,,,
"	1002000005","中国	江西	赣州	",2019/4/26 20:01,2019/4/26 20:03,0小时2分44秒,164.0(s),移动网页,,,,,,,,,
"	1002003102","中国	北京	北京	",2019/4/26 20:01,2019/4/26 21:13,1小时12分31秒,4351.0(s),移动网页,,,,,,,,,
"	1001943301","中国	新疆	乌鲁木齐	",2019/4/26 20:01,2019/4/26 21:53,1小时51分53秒,6713.0(s),个人电脑,,,,,,,,,
"	1002069183","中国	江西	赣州	",2019/4/26 20:01,2019/4/26 20:02,0小时1分5秒,65.0(s),移动网页,,,,,,,,,
"	1002050348","中国	河南	新乡	",2019/4/26 20:01,2019/4/26 20:38,0小时37分11秒,2231.0(s),移动网页,,,,,,,,,
"	1002099855","中国	河南	新乡	",2019/4/26 20:01,2019/4/26 21:11,1小时10分11秒,4211.0(s),移动网页,,,,,,,,,
"	1002017899","中国	新疆	乌鲁木齐	",2019/4/26 20:01,2019/4/26 21:51,1小时50分41秒,6641.0(s),个人电脑,,,,,,,,,
"	1002001169","中国	北京	北京	",2019/4/26 20:01,2019/4/26 20:59,0小时57分53秒,3473.0(s),移动网页,,,,,,,,,
"	1002094613","中国	陕西	西安	",2019/4/26 20:01,2019/4/26 20:02,0小时0分58秒,58.0(s),个人电脑,,,,,,,,,
"	1002069185","中国	河南	新乡	",2019/4/26 20:01,2019/4/26 20:10,0小时9分8秒,548.0(s),移动网页,,,,,,,,,
"	1001949991","中国	陕西	西安	",2019/4/26 20:01,2019/4/26 21:51,1小时50分35秒,6635.0(s),个人电脑,,,,,,,,,
"	1002043029","中国	河南	新乡	",2019/4/26 20:01,2019/4/26 20:58,0小时57分25秒,3445.0(s),移动网页,,,,,,,,,
"	1002020051","中国	江西	赣州	",2019/4/26 20:01,2019/4/26 20:04,0小时3分0秒,180.0(s),移动网页,,,,,,,,,
"	1002003125","中国	新疆	乌鲁木齐	",2019/4/26 20:01,2019/4/26 20:01,0小时0分35秒,35.0(s),个人电脑,,,,,,,,,
"	1001989667","中国	江西	赣州	",2019/4/26 20:01,2019/4/26 20:03,0小时1分46秒,106.0(s),移动网页,,,,,,,,,
"	1002043033","中国	江西	赣州	",2019/4/26 20:01,2019/4/26 21:10,1小时9分21秒,4161.0(s),移动网页,,,,,,,,,
"	1002045455","中国	江西	赣州	",2019/4/26 20:01,2019/4/26 20:05,0小时4分16秒,256.0(s),移动网页,,,,,,,,,
"	1001911943","中国	新疆	乌鲁木齐	",2019/4/26 20:01,2019/4/26 20:03,0小时1分37秒,97.0(s),个人电脑,,,,,,,,,
"	1002018075","中国	江西	赣州	",2019/4/26 20:01,2019/4/26 20:59,0小时57分31秒,3451.0(s),移动网页,,,,,,,,,
"	1002057802","中国	北京	北京	",2019/4/26 20:01,2019/4/26 20:05,0小时4分20秒,260.0(s),移动网页,,,,,,,,,
"	1001985004","中国	江西	赣州	",2019/4/26 20:01,2019/4/26 20:59,0小时57分35秒,3455.0(s),移动网页,,,,,,,,,
"	1001949943","中国	陕西	西安	",2019/4/26 20:01,2019/4/26 20:02,0小时0分43秒,43.0(s),个人电脑,,,,,,,,,
"	1002094611","中国	陕西	西安	",2019/4/26 20:01,2019/4/26 20:29,0小时27分26秒,1646.0(s),个人电脑,,,,,,,,,
"	1002020238","中国	河南	新乡	",2019/4/26 20:01,2019/4/26 20:59,0小时57分29秒,3449.0(s),移动网页,,,,,,,,,
"	1002077242","中国	北京	北京	",2019/4/26 20:01,2019/4/26 20:13,0小时12分0秒,720.0(s),移动网页,,,,,,,,,
"	1002069182","中国	河南	新乡	",2019/4/26 20:01,2019/4/26 20:09,0小时7分46秒,466.0(s),移动网页,,,,,,,,,
"	1002077111","中国	北京	北京	",2019/4/26 20:01,2019/4/26 20:08,0小时6分30秒,390.0(s),移动网页,,,,,,,,,
"	1001989358","中国	河南	新乡	",2019/4/26 20:02,2019/4/26 20:09,0小时7分32秒,452.0(s),移动网页,,,,,,,,,
"	1002094619","中国	中国		",2019/4/26 20:02,2019/4/26 21:51,1小时49分43秒,6583.0(s),个人电脑,,,,,,,,,
"	1002018014","中国	陕西	西安	",2019/4/26 20:02,2019/4/26 20:17,0小时15分10秒,910.0(s),个人电脑,,,,,,,,,
"	1002018083","中国	江西	赣州	",2019/4/26 20:02,2019/4/26 20:02,0小时0分11秒,11.0(s),移动网页,,,,,,,,,
"	1002018364","中国	北京	北京	",2019/4/26 20:02,2019/4/26 20:03,0小时1分17秒,77.0(s),移动网页,,,,,,,,,
"	1001949995","中国	陕西		",2019/4/26 20:02,2019/4/26 20:12,0小时10分22秒,622.0(s),个人电脑,,,,,,,,,
"	1002081707","中国	江西	赣州	",2019/4/26 20:02,2019/4/26 21:19,1小时17分43秒,4663.0(s),移动网页,,,,,,,,,
"	1001987333","中国	江西	赣州	",2019/4/26 20:02,2019/4/26 20:02,0小时0分26秒,26.0(s),移动网页,,,,,,,,,
"	1002069183","中国	新疆	乌鲁木齐	",2019/4/26 20:02,2019/4/26 21:08,1小时6分25秒,3985.0(s),移动网页,,,,,,,,,
"	1002018083","中国	江西	赣州	",2019/4/26 20:02,2019/4/26 20:24,0小时22分12秒,1332.0(s),移动网页,,,,,,,,,
"	1001950008","中国	江西	赣州	",2019/4/26 20:02,2019/4/26 21:05,1小时3分38秒,3818.0(s),移动网页,,,,,,,,,
"	1002094613","中国	陕西	西安	",2019/4/26 20:02,2019/4/26 21:51,1小时49分25秒,6565.0(s),个人电脑,,,,,,,,,
"	1002051509","中国	新疆		",2019/4/26 20:02,2019/4/26 20:59,0小时57分12秒,3432.0(s),个人电脑,,,,,,,,,
"	1002003125","中国	新疆	乌鲁木齐	",2019/4/26 20:02,2019/4/26 20:04,0小时2分30秒,150.0(s),个人电脑,,,,,,,,,
"	1002057170","中国	河南	新乡	",2019/4/26 20:02,2019/4/26 20:07,0小时5分23秒,323.0(s),移动网页,,,,,,,,,
"	1002057856","中国	北京	北京	",2019/4/26 20:02,2019/4/26 20:28,0小时25分29秒,1529.0(s),移动网页,,,,,,,,,
"	1001984328","中国	北京	北京	",2019/4/26 20:02,2019/4/26 21:01,0小时59分1秒,3541.0(s),移动网页,,,,,,,,,
"	1001987333","中国	江西	赣州	",2019/4/26 20:02,2019/4/26 20:11,0小时8分28秒,508.0(s),移动网页,,,,,,,,,
"	1002071231","中国	河南	新乡	",2019/4/26 20:02,2019/4/26 20:07,0小时4分15秒,255.0(s),移动网页,,,,,,,,,
"	1002000222","中国	北京	北京	",2019/4/26 20:02,2019/4/26 20:03,0小时0分42秒,42.0(s),移动网页,,,,,,,,,
"	1002026669","中国	新疆	乌鲁木齐	",2019/4/26 20:02,2019/4/26 20:04,0小时1分10秒,70.0(s),个人电脑,,,,,,,,,
"	1002099857","中国	江西	赣州	",2019/4/26 20:03,2019/4/26 20:12,0小时9分9秒,549.0(s),移动网页,,,,,,,,,
"	1001995504","中国	北京	北京	",2019/4/26 20:03,2019/4/26 20:04,0小时1分41秒,101.0(s),移动网页,,,,,,,,,
"	1002044040","中国	北京	北京	",2019/4/26 20:03,2019/4/26 21:06,1小时3分15秒,3795.0(s),移动网页,,,,,,,,,
"	1001949899","中国	江苏		",2019/4/26 20:03,2019/4/26 20:03,0小时0分5秒,5.0(s),个人电脑,,,,,,,,,
"	1001949899","中国	江苏		",2019/4/26 20:03,2019/4/26 20:48,0小时44分55秒,2695.0(s),个人电脑,,,,,,,,,
"	1002018364","中国	北京	北京	",2019/4/26 20:03,2019/4/26 20:13,0小时10分27秒,627.0(s),移动网页,,,,,,,,,
"	1002000222","中国	北京	北京	",2019/4/26 20:03,2019/4/26 20:19,0小时16分15秒,975.0(s),移动网页,,,,,,,,,
"	1001949943","中国	陕西	西安	",2019/4/26 20:03,2019/4/26 20:59,0小时55分47秒,3347.0(s),个人电脑,,,,,,,,,
"	1002018004","中国	北京	北京	",2019/4/26 20:03,2019/4/26 20:04,0小时0分15秒,15.0(s),移动网页,,,,,,,,,
"	1001989667","中国	江西	赣州	",2019/4/26 20:03,2019/4/26 20:11,0小时7分42秒,462.0(s),移动网页,,,,,,,,,
"	1002003316","中国	北京	北京	",2019/4/26 20:04,2019/4/26 21:15,1小时11分25秒,4285.0(s),移动网页,,,,,,,,,
"	1002057813","中国	江西	赣州	",2019/4/26 20:04,2019/4/26 20:19,0小时15分0秒,900.0(s),移动网页,,,,,,,,,
"	1002026669","中国	新疆	乌鲁木齐	",2019/4/26 20:04,2019/4/26 21:50,1小时46分16秒,6376.0(s),个人电脑,,,,,,,,,
"	1002091765","中国	北京	北京	",2019/4/26 20:04,2019/4/26 20:37,0小时33分18秒,1998.0(s),移动网页,,,,,,,,,
"	1002088609","中国	中国		",2019/4/26 20:04,2019/4/26 20:08,0小时4分3秒,243.0(s),个人电脑,,,,,,,,,
"	1001949947","中国	江苏		",2019/4/26 20:04,2019/4/26 20:43,0小时38分41秒,2321.0(s),个人电脑,,,,,,,,,
"	1002077240","中国	陕西		",2019/4/26 20:04,2019/4/26 20:08,0小时3分28秒,208.0(s),个人电脑,,,,,,,,,
"	1002003125","中国	新疆	乌鲁木齐	",2019/4/26 20:04,2019/4/26 20:07,0小时2分30秒,150.0(s),个人电脑,,,,,,,,,
"	1002023755","中国	江苏		",2019/4/26 20:05,2019/4/26 20:59,0小时54分34秒,3274.0(s),个人电脑,,,,,,,,,
"	1002020051","中国	新疆		",2019/4/26 20:05,2019/4/26 20:48,0小时43分11秒,2591.0(s),移动网页,,,,,,,,,
"	1001995504","中国	北京	北京	",2019/4/26 20:05,2019/4/26 20:12,0小时6分24秒,384.0(s),移动网页,,,,,,,,,
"	1002018081","中国	河南	新乡	",2019/4/26 20:05,2019/4/26 20:14,0小时8分58秒,538.0(s),移动网页,,,,,,,,,
"	1002057802","中国	北京	北京	",2019/4/26 20:05,2019/4/26 20:59,0小时53分5秒,3185.0(s),移动网页,,,,,,,,,
"	1002045455","中国	江西	赣州	",2019/4/26 20:06,2019/4/26 20:28,0小时22分17秒,1337.0(s),移动网页,,,,,,,,,
"	1002003115","中国	北京	北京	",2019/4/26 20:06,2019/4/26 20:13,0小时7分27秒,447.0(s),移动网页,,,,,,,,,
"	1002085968","中国	江西	赣州	",2019/4/26 20:06,2019/4/26 20:11,0小时5分30秒,330.0(s),移动网页,,,,,,,,,
"	1001949972","中国	北京	北京	",2019/4/26 20:06,2019/4/26 21:53,1小时46分26秒,6386.0(s),移动网页,,,,,,,,,
"	1002020066","中国	新疆	乌鲁木齐	",2019/4/26 20:06,2019/4/26 20:06,0小时0分7秒,7.0(s),个人电脑,,,,,,,,,
"	1002020066","中国	新疆	乌鲁木齐	",2019/4/26 20:06,2019/4/26 20:33,0小时27分10秒,1630.0(s),个人电脑,,,,,,,,,
"	1002071231","中国	河南	新乡	",2019/4/26 20:07,2019/4/26 20:23,0小时16分15秒,975.0(s),移动网页,,,,,,,,,
"	1002024826","中国	北京	北京	",2019/4/26 20:07,2019/4/26 20:18,0小时10分59秒,659.0(s),移动网页,,,,,,,,,
"	1002018015","中国	陕西	西安	",2019/4/26 20:07,2019/4/26 20:18,0小时11分40秒,700.0(s),个人电脑,,,,,,,,,
"	1002071229","中国	陕西		",2019/4/26 20:07,2019/4/26 21:03,0小时56分6秒,3366.0(s),移动网页,,,,,,,,,
"	1002003321","中国	江西	赣州	",2019/4/26 20:07,2019/4/26 21:00,0小时53分3秒,3183.0(s),移动网页,,,,,,,,,
"	1002098765","中国	北京	北京	",2019/4/26 20:07,2019/4/26 20:59,0小时51分9秒,3069.0(s),移动网页,,,,,,,,,
"	1002057170","中国	河南	新乡	",2019/4/26 20:08,2019/4/26 21:11,1小时2分58秒,3778.0(s),移动网页,,,,,,,,,
"	1002047840","中国	河北	张家口	",2019/4/26 20:08,2019/4/26 20:13,0小时5分41秒,341.0(s),个人电脑,,,,,,,,,
"	1001943605","中国	河南	新乡	",2019/4/26 20:09,2019/4/26 20:11,0小时2分13秒,133.0(s),移动网页,,,,,,,,,
"	1002091773","中国	江西	赣州	",2019/4/26 20:09,2019/4/26 20:34,0小时25分27秒,1527.0(s),移动网页,,,,,,,,,
"	1001999921","中国	江西	赣州	",2019/4/26 20:09,2019/4/26 20:59,0小时49分47秒,2987.0(s),移动网页,,,,,,,,,
"	1002077113","中国	北京	北京	",2019/4/26 20:09,2019/4/26 21:07,0小时58分26秒,3506.0(s),移动网页,,,,,,,,,
"	1001990696","中国	江西	赣州	",2019/4/26 20:09,2019/4/26 20:48,0小时38分23秒,2303.0(s),移动网页,,,,,,,,,
"	1002069182","中国	河南	新乡	",2019/4/26 20:09,2019/4/26 20:15,0小时5分53秒,353.0(s),移动网页,,,,,,,,,
"	1002077111","中国	北京	北京	",2019/4/26 20:10,2019/4/26 20:58,0小时48分30秒,2910.0(s),移动网页,,,,,,,,,
"	1001985036","中国	北京	北京	",2019/4/26 20:10,2019/4/26 20:17,0小时7分7秒,427.0(s),移动网页,,,,,,,,,
"	1001986673","中国	江西	赣州	",2019/4/26 20:10,2019/4/26 20:59,0小时48分56秒,2936.0(s),移动网页,,,,,,,,,
"	1001989358","中国	河南	新乡	",2019/4/26 20:10,2019/4/26 20:11,0小时1分18秒,78.0(s),移动网页,,,,,,,,,
"	1002047836","中国	河南	新乡	",2019/4/26 20:10,2019/4/26 20:45,0小时35分31秒,2131.0(s),移动网页,,,,,,,,,
"	1002069185","中国	河南	新乡	",2019/4/26 20:10,2019/4/26 20:28,0小时18分20秒,1100.0(s),移动网页,,,,,,,,,
"	1001986713","中国	陕西		",2019/4/26 20:10,2019/4/26 21:07,0小时56分58秒,3418.0(s),个人电脑,,,,,,,,,
"	1001987333","中国	江西	赣州	",2019/4/26 20:11,2019/4/26 20:12,0小时1分4秒,64.0(s),移动网页,,,,,,,,,
"	1002018082","中国	北京	北京	",2019/4/26 20:11,2019/4/26 20:58,0小时47分11秒,2831.0(s),移动网页,,,,,,,,,
"	1001989358","中国	河南	新乡	",2019/4/26 20:11,2019/4/26 20:36,0小时25分24秒,1524.0(s),移动网页,,,,,,,,,
"	1001989667","中国	陕西	西安	",2019/4/26 20:11,2019/4/26 20:11,0小时0分1秒,1.0(s),移动网页,,,,,,,,,
"	1001989667","中国	陕西	西安	",2019/4/26 20:11,2019/4/26 20:11,0小时0分5秒,5.0(s),移动网页,,,,,,,,,
"	1001943605","中国	河南	新乡	",2019/4/26 20:12,2019/4/26 20:15,0小时3分52秒,232.0(s),移动网页,,,,,,,,,
"	1001995504","中国	北京	北京	",2019/4/26 20:12,2019/4/26 20:18,0小时5分48秒,348.0(s),移动网页,,,,,,,,,
"	1002099857","中国	江西	赣州	",2019/4/26 20:12,2019/4/26 21:22,1小时10分15秒,4215.0(s),移动网页,,,,,,,,,
"	1001987333","中国	江西	赣州	",2019/4/26 20:12,2019/4/26 20:59,0小时46分41秒,2801.0(s),移动网页,,,,,,,,,
"	1001949995","中国	陕西		",2019/4/26 20:12,2019/4/26 20:18,0小时6分6秒,366.0(s),个人电脑,,,,,,,,,
"	1002003125","中国	河南	新乡	",2019/4/26 20:12,2019/4/26 20:19,0小时6分12秒,372.0(s),移动网页,,,,,,,,,
"	1001949934","中国	江西	赣州	",2019/4/26 20:12,2019/4/26 20:13,0小时0分31秒,31.0(s),移动网页,,,,,,,,,
"	1001999909","中国	河南	新乡	",2019/4/26 20:13,2019/4/26 20:20,0小时7分26秒,446.0(s),移动网页,,,,,,,,,
"	1002085968","中国	江西	赣州	",2019/4/26 20:13,2019/4/26 20:59,0小时45分51秒,2751.0(s),移动网页,,,,,,,,,
"	1002003115","中国	北京	北京	",2019/4/26 20:13,2019/4/26 20:23,0小时9分33秒,573.0(s),移动网页,,,,,,,,,
"	1002047839","中国	北京	北京	",2019/4/26 20:13,2019/4/26 21:10,0小时56分44秒,3404.0(s),移动网页,,,,,,,,,
"	1002047840","中国	河北	张家口	",2019/4/26 20:14,2019/4/26 20:14,0小时0分4秒,4.0(s),个人电脑,,,,,,,,,
"	1001989667","中国	河南	新乡	",2019/4/26 20:14,2019/4/26 20:59,0小时45分29秒,2729.0(s),移动网页,,,,,,,,,
"	1002047840","中国	河北	张家口	",2019/4/26 20:14,2019/4/26 20:14,0小时0分24秒,24.0(s),个人电脑,,,,,,,,,
"	1002044043","中国	新疆	乌鲁木齐	",2019/4/26 20:14,2019/4/26 20:21,0小时7分18秒,438.0(s),个人电脑,,,,,,,,,
"	1002018364","中国	北京	北京	",2019/4/26 20:14,2019/4/26 21:09,0小时55分14秒,3314.0(s),移动网页,,,,,,,,,
"	1002088609","中国	中国		",2019/4/26 20:14,2019/4/26 20:18,0小时4分35秒,275.0(s),个人电脑,,,,,,,,,
"	1001949934","中国	陕西		",2019/4/26 20:14,2019/4/26 21:11,0小时57分17秒,3437.0(s),移动网页,,,,,,,,,
"	1002047840","中国	河北	张家口	",2019/4/26 20:14,2019/4/26 20:18,0小时4分17秒,257.0(s),个人电脑,,,,,,,,,
"	1002081599","中国	北京	北京	",2019/4/26 20:14,2019/4/26 20:59,0小时45分13秒,2713.0(s),移动网页,,,,,,,,,
"	1002018069","中国	江西	赣州	",2019/4/26 20:15,2019/4/26 20:59,0小时43分58秒,2638.0(s),移动网页,,,,,,,,,
"	1002018081","中国	河南	新乡	",2019/4/26 20:15,2019/4/26 20:37,0小时22分7秒,1327.0(s),移动网页,,,,,,,,,
"	1002069182","中国	河南	新乡	",2019/4/26 20:15,2019/4/26 20:47,0小时32分15秒,1935.0(s),移动网页,,,,,,,,,
"	1002088608","中国	北京	北京	",2019/4/26 20:15,2019/4/26 20:21,0小时5分48秒,348.0(s),移动网页,,,,,,,,,
"	1001995441","中国	北京	北京	",2019/4/26 20:16,2019/4/26 20:18,0小时1分41秒,101.0(s),移动网页,,,,,,,,,
"	1002018345","中国	江西	赣州	",2019/4/26 20:17,2019/4/26 20:55,0小时38分35秒,2315.0(s),移动网页,,,,,,,,,
"	1002018014","中国	北京	北京	",2019/4/26 20:17,2019/4/26 20:59,0小时41分57秒,2517.0(s),移动网页,,,,,,,,,
"	1001949939","中国	河南	新乡	",2019/4/26 20:17,2019/4/26 20:18,0小时1分9秒,69.0(s),移动网页,,,,,,,,,
"	1002057208","中国	中国		",2019/4/26 20:17,2019/4/26 20:31,0小时13分18秒,798.0(s),个人电脑,,,,,,,,,
"	1001915910","中国	新疆	昌吉回族自治州	",2019/4/26 20:17,2019/4/26 21:52,1小时34分17秒,5657.0(s),个人电脑,,,,,,,,,
"	1002018070","中国	北京	北京	",2019/4/26 20:18,2019/4/26 20:23,0小时4分53秒,293.0(s),移动网页,,,,,,,,,
"	1002024826","中国	北京	北京	",2019/4/26 20:18,2019/4/26 20:46,0小时28分40秒,1720.0(s),移动网页,,,,,,,,,
"	1001995504","中国	北京	北京	",2019/4/26 20:18,2019/4/26 20:34,0小时16分0秒,960.0(s),移动网页,,,,,,,,,
"	1001949939","中国	河南	新乡	",2019/4/26 20:18,2019/4/26 20:22,0小时3分31秒,211.0(s),移动网页,,,,,,,,,
"	1002080238","中国	河南	新乡	",2019/4/26 20:18,2019/4/26 20:19,0小时0分58秒,58.0(s),移动网页,,,,,,,,,
"	1001949995","中国	陕西		",2019/4/26 20:18,2019/4/26 20:19,0小时1分8秒,68.0(s),个人电脑,,,,,,,,,
"	1002047840","中国	河北	张家口	",2019/4/26 20:18,2019/4/26 20:21,0小时2分22秒,142.0(s),个人电脑,,,,,,,,,
"	1001995441","中国	北京	北京	",2019/4/26 20:18,2019/4/26 20:19,0小时0分24秒,24.0(s),移动网页,,,,,,,,,
"	1002018233","中国	北京	北京	",2019/4/26 20:18,2019/4/26 21:38,1小时19分21秒,4761.0(s),移动网页,,,,,,,,,
"	1002003125","中国	河南	新乡	",2019/4/26 20:19,2019/4/26 21:10,0小时51分33秒,3093.0(s),移动网页,,,,,,,,,
"	1002000243","中国	新疆	巴音郭楞蒙古自治州	",2019/4/26 20:19,2019/4/26 20:20,0小时1分45秒,105.0(s),个人电脑,,,,,,,,,
"	1002077242","中国	北京	北京	",2019/4/26 20:19,2019/4/26 20:49,0小时30分33秒,1833.0(s),移动网页,,,,,,,,,
"	1002057813","中国	江西	赣州	",2019/4/26 20:19,2019/4/26 21:08,0小时49分45秒,2985.0(s),移动网页,,,,,,,,,
"	1002088609","中国	中国		",2019/4/26 20:19,2019/4/26 21:51,1小时32分26秒,5546.0(s),个人电脑,,,,,,,,,
"	1001995441","中国	北京	北京	",2019/4/26 20:19,2019/4/26 20:27,0小时7分45秒,465.0(s),移动网页,,,,,,,,,
"	1001949940","中国	北京	北京	",2019/4/26 20:19,2019/4/26 21:00,0小时41分0秒,2460.0(s),移动网页,,,,,,,,,
"	1002057805","中国	北京	北京	",2019/4/26 20:19,2019/4/26 20:28,0小时8分30秒,510.0(s),移动网页,,,,,,,,,
"	1002000222","中国	北京	北京	",2019/4/26 20:20,2019/4/26 20:37,0小时17分48秒,1068.0(s),移动网页,,,,,,,,,
"	1002018015","中国	陕西	西安	",2019/4/26 20:20,2019/4/26 20:23,0小时3分19秒,199.0(s),个人电脑,,,,,,,,,
"	1002018053","中国	河南	新乡	",2019/4/26 20:20,2019/4/26 20:29,0小时8分55秒,535.0(s),移动网页,,,,,,,,,
"	1001911902","中国	北京	北京	",2019/4/26 20:21,2019/4/26 20:43,0小时22分7秒,1327.0(s),移动网页,,,,,,,,,
"	1002044043","中国	新疆	乌鲁木齐	",2019/4/26 20:21,2019/4/26 21:23,1小时1分32秒,3692.0(s),个人电脑,,,,,,,,,
"	1002047840","中国	河北	张家口	",2019/4/26 20:21,2019/4/26 20:21,0小时0分2秒,2.0(s),个人电脑,,,,,,,,,
"	1002047840","中国	河北	张家口	",2019/4/26 20:21,2019/4/26 20:22,0小时0分31秒,31.0(s),个人电脑,,,,,,,,,
"	1001949939","中国	河南	新乡	",2019/4/26 20:22,2019/4/26 20:43,0小时21分30秒,1290.0(s),移动网页,,,,,,,,,
"	1002047840","中国	中国		",2019/4/26 20:22,2019/4/26 20:59,0小时37分1秒,2221.0(s),个人电脑,,,,,,,,,
"	1002094437","中国	新疆		",2019/4/26 20:22,2019/4/26 20:25,0小时2分34秒,154.0(s),移动网页,,,,,,,,,
"	1001949974","中国	江西	赣州	",2019/4/26 20:23,2019/4/26 21:02,0小时39分0秒,2340.0(s),移动网页,,,,,,,,,
"	1002071231","中国	河南	新乡	",2019/4/26 20:23,2019/4/26 20:29,0小时5分57秒,357.0(s),移动网页,,,,,,,,,
"	1002000124","中国	北京	北京	",2019/4/26 20:23,2019/4/26 21:38,1小时14分38秒,4478.0(s),移动网页,,,,,,,,,
"	1001944055","中国	北京	北京	",2019/4/26 20:24,2019/4/26 20:31,0小时7分0秒,420.0(s),移动网页,,,,,,,,,
"	1002018083","中国	北京	北京	",2019/4/26 20:24,2019/4/26 21:10,0小时45分40秒,2740.0(s),移动网页,,,,,,,,,
"	1002003274","中国	新疆	乌鲁木齐	",2019/4/26 20:24,2019/4/26 20:25,0小时0分17秒,17.0(s),个人电脑,,,,,,,,,
"	1001912156","中国	新疆	乌鲁木齐	",2019/4/26 20:25,2019/4/26 20:25,0小时0分36秒,36.0(s),个人电脑,,,,,,,,,
"	1002003274","中国	北京	北京	",2019/4/26 20:25,2019/4/26 20:28,0小时3分5秒,185.0(s),移动网页,,,,,,,,,
"	1002050352","中国	陕西	西安	",2019/4/26 20:25,2019/4/26 20:59,0小时34分18秒,2058.0(s),个人电脑,,,,,,,,,
"	1002003171","中国	新疆	乌鲁木齐	",2019/4/26 20:25,2019/4/26 20:27,0小时1分33秒,93.0(s),个人电脑,,,,,,,,,
"	1002018015","中国	陕西	西安	",2019/4/26 20:26,2019/4/26 20:26,0小时0分17秒,17.0(s),个人电脑,,,,,,,,,
"	1001995441","中国	北京	北京	",2019/4/26 20:27,2019/4/26 20:27,0小时0分15秒,15.0(s),移动网页,,,,,,,,,
"	1002003171","中国	新疆	乌鲁木齐	",2019/4/26 20:27,2019/4/26 20:29,0小时2分10秒,130.0(s),个人电脑,,,,,,,,,
"	1002018348","中国	河南	新乡	",2019/4/26 20:27,2019/4/26 21:53,1小时25分19秒,5119.0(s),移动网页,,,,,,,,,
"	1002098695","中国	河南	新乡	",2019/4/26 20:28,2019/4/26 20:45,0小时16分52秒,1012.0(s),移动网页,,,,,,,,,
"	1002003274","中国	新疆	乌鲁木齐	",2019/4/26 20:28,2019/4/26 21:06,0小时38分36秒,2316.0(s),个人电脑,,,,,,,,,
"	1002057856","中国	北京	北京	",2019/4/26 20:28,2019/4/26 20:59,0小时30分42秒,1842.0(s),移动网页,,,,,,,,,
"	1002045455","中国	新疆	乌鲁木齐	",2019/4/26 20:28,2019/4/26 20:28,0小时0分15秒,15.0(s),移动网页,,,,,,,,,
"	1001984313","中国	陕西	西安	",2019/4/26 20:28,2019/4/26 20:40,0小时11分55秒,715.0(s),个人电脑,,,,,,,,,
"	1002045455","中国	江西	赣州	",2019/4/26 20:28,2019/4/26 20:31,0小时3分13秒,193.0(s),移动网页,,,,,,,,,
"	1002069185","中国	河南	新乡	",2019/4/26 20:28,2019/4/26 20:29,0小时0分23秒,23.0(s),移动网页,,,,,,,,,
"	1002094611","中国	陕西	西安	",2019/4/26 20:29,2019/4/26 20:29,0小时0分2秒,2.0(s),个人电脑,,,,,,,,,
"	1002071231","中国	河南	新乡	",2019/4/26 20:29,2019/4/26 20:59,0小时29分39秒,1779.0(s),移动网页,,,,,,,,,
"	1002094611","中国	陕西	西安	",2019/4/26 20:29,2019/4/26 21:08,0小时39分28秒,2368.0(s),个人电脑,,,,,,,,,
"	1002069185","中国	河南	新乡	",2019/4/26 20:29,2019/4/26 20:39,0小时10分24秒,624.0(s),移动网页,,,,,,,,,
"	1002098706","中国	江西	赣州	",2019/4/26 20:29,2019/4/26 20:31,0小时2分3秒,123.0(s),移动网页,,,,,,,,,
"	1002018053","中国	河南	新乡	",2019/4/26 20:29,2019/4/26 20:47,0小时17分36秒,1056.0(s),移动网页,,,,,,,,,
"	1001995441","中国	江苏	无锡	",2019/4/26 20:31,2019/4/26 20:36,0小时5分29秒,329.0(s),移动网页,,,,,,,,,
"	1001943449","中国	江西	赣州	",2019/4/26 20:31,2019/4/26 20:40,0小时9分1秒,541.0(s),移动网页,,,,,,,,,
"	1002057208","中国	中国		",2019/4/26 20:31,2019/4/26 21:38,1小时7分44秒,4064.0(s),个人电脑,,,,,,,,,
"	1002020549","中国	四川	达州	",2019/4/26 20:31,2019/4/26 21:51,1小时20分17秒,4817.0(s),个人电脑,,,,,,,,,
"	1002003104","中国	江苏	无锡	",2019/4/26 20:31,2019/4/26 21:33,1小时2分1秒,3721.0(s),移动网页,,,,,,,,,
"	1001944055","中国	北京	北京	",2019/4/26 20:31,2019/4/26 20:43,0小时11分58秒,718.0(s),移动网页,,,,,,,,,
"	1002102490","中国	河南	新乡	",2019/4/26 20:32,2019/4/26 20:32,0小时0分58秒,58.0(s),移动网页,,,,,,,,,
"	1002045455","中国	江西	赣州	",2019/4/26 20:32,2019/4/26 20:59,0小时27分52秒,1672.0(s),移动网页,,,,,,,,,
"	1002049416","中国	新疆	昌吉回族自治州	",2019/4/26 20:32,2019/4/26 20:32,0小时0分3秒,3.0(s),移动网页,,,,,,,,,
"	1002057808","中国	江苏	无锡	",2019/4/26 20:32,2019/4/26 20:45,0小时13分37秒,817.0(s),移动网页,,,,,,,,,
"	1002049416","中国	新疆	昌吉回族自治州	",2019/4/26 20:32,2019/4/26 20:33,0小时0分46秒,46.0(s),移动网页,,,,,,,,,
"	1002049416","中国	江苏	无锡	",2019/4/26 20:33,2019/4/26 20:33,0小时0分29秒,29.0(s),移动网页,,,,,,,,,
"	1002049416","中国	新疆	昌吉回族自治州	",2019/4/26 20:33,2019/4/26 20:34,0小时0分33秒,33.0(s),移动网页,,,,,,,,,
"	1002049416","中国	江苏	无锡	",2019/4/26 20:34,2019/4/26 20:53,0小时19分24秒,1164.0(s),移动网页,,,,,,,,,
"	1001949960","中国	江苏	无锡	",2019/4/26 20:34,2019/4/26 20:45,0小时11分13秒,673.0(s),移动网页,,,,,,,,,
"	1001916012","中国	江西	赣州	",2019/4/26 20:34,2019/4/26 20:35,0小时1分23秒,83.0(s),移动网页,,,,,,,,,
"	1002081596","中国	江苏	无锡	",2019/4/26 20:34,2019/4/26 20:35,0小时0分23秒,23.0(s),移动网页,,,,,,,,,
"	1002001182","中国	江西	赣州	",2019/4/26 20:34,2019/4/26 20:38,0小时3分14秒,194.0(s),移动网页,,,,,,,,,
"	1002001181","中国	新疆		",2019/4/26 20:35,2019/4/26 21:21,0小时46分42秒,2802.0(s),个人电脑,,,,,,,,,
"	1002018234","中国	江苏	无锡	",2019/4/26 20:35,2019/4/26 20:41,0小时6分17秒,377.0(s),移动网页,,,,,,,,,
"	1002081596","中国	江苏	无锡	",2019/4/26 20:35,2019/4/26 20:36,0小时1分31秒,91.0(s),移动网页,,,,,,,,,
"	1002091773","中国	江西	赣州	",2019/4/26 20:35,2019/4/26 20:35,0小时0分27秒,27.0(s),移动网页,,,,,,,,,
"	1002049415","中国	江苏	无锡	",2019/4/26 20:35,2019/4/26 20:36,0小时1分4秒,64.0(s),移动网页,,,,,,,,,
"	1002000069","中国	新疆	乌鲁木齐	",2019/4/26 20:36,2019/4/26 21:51,1小时15分33秒,4533.0(s),个人电脑,,,,,,,,,
"	1002094612","中国	江苏	无锡	",2019/4/26 20:36,2019/4/26 21:05,0小时28分48秒,1728.0(s),移动网页,,,,,,,,,
"	1002049415","中国	江苏	无锡	",2019/4/26 20:36,2019/4/26 20:50,0小时13分32秒,812.0(s),移动网页,,,,,,,,,
"	1001995441","中国	江苏	无锡	",2019/4/26 20:36,2019/4/26 20:40,0小时3分29秒,209.0(s),移动网页,,,,,,,,,
"	1002081596","中国	江苏	无锡	",2019/4/26 20:36,2019/4/26 20:39,0小时2分48秒,168.0(s),移动网页,,,,,,,,,
"	1002003171","中国	新疆	乌鲁木齐	",2019/4/26 20:36,2019/4/26 20:37,0小时0分7秒,7.0(s),个人电脑,,,,,,,,,
"	1002003171","中国	新疆	乌鲁木齐	",2019/4/26 20:37,2019/4/26 20:37,0小时0分1秒,1.0(s),个人电脑,,,,,,,,,
"	1002003171","中国	新疆	乌鲁木齐	",2019/4/26 20:37,2019/4/26 20:37,0小时0分4秒,4.0(s),个人电脑,,,,,,,,,
"	1001989358","中国	河南	新乡	",2019/4/26 20:37,2019/4/26 20:37,0小时0分45秒,45.0(s),移动网页,,,,,,,,,
"	1002003171","中国	新疆	乌鲁木齐	",2019/4/26 20:37,2019/4/26 20:38,0小时1分39秒,99.0(s),个人电脑,,,,,,,,,
"	1001989666","中国	河南	新乡	",2019/4/26 20:37,2019/4/26 21:32,0小时55分9秒,3309.0(s),移动网页,,,,,,,,,
"	1002020066","中国	新疆	乌鲁木齐	",2019/4/26 20:37,2019/4/26 20:59,0小时22分2秒,1322.0(s),个人电脑,,,,,,,,,
"	1002091765","中国	江苏	无锡	",2019/4/26 20:37,2019/4/26 21:00,0小时22分46秒,1366.0(s),移动网页,,,,,,,,,
"	1002018081","中国	河南	新乡	",2019/4/26 20:37,2019/4/26 20:56,0小时18分50秒,1130.0(s),移动网页,,,,,,,,,
"	1002001182","中国	江西	赣州	",2019/4/26 20:38,2019/4/26 20:42,0小时4分14秒,254.0(s),移动网页,,,,,,,,,
"	1002050348","中国	陕西	西安	",2019/4/26 20:38,2019/4/26 21:52,1小时14分23秒,4463.0(s),个人电脑,,,,,,,,,
"	1002000222","中国	江苏	无锡	",2019/4/26 20:38,2019/4/26 20:56,0小时17分42秒,1062.0(s),移动网页,,,,,,,,,
"	1001989358","中国	河南	新乡	",2019/4/26 20:38,2019/4/26 20:46,0小时8分16秒,496.0(s),移动网页,,,,,,,,,
"	1002003171","中国	新疆	乌鲁木齐	",2019/4/26 20:39,2019/4/26 20:40,0小时1分0秒,60.0(s),个人电脑,,,,,,,,,
"	1002069185","中国	新疆	乌鲁木齐	",2019/4/26 20:39,2019/4/26 20:40,0小时0分54秒,54.0(s),移动网页,,,,,,,,,
"	1001984334","中国	河南	新乡	",2019/4/26 20:40,2019/4/26 20:41,0小时1分35秒,95.0(s),移动网页,,,,,,,,,
"	1001995441","中国	江苏	无锡	",2019/4/26 20:40,2019/4/26 20:40,0小时0分17秒,17.0(s),移动网页,,,,,,,,,
"	1002047834","中国	河南	新乡	",2019/4/26 20:40,2019/4/26 20:41,0小时0分5秒,5.0(s),移动网页,,,,,,,,,
"	1002069185","中国	河南	新乡	",2019/4/26 20:40,2019/4/26 20:52,0小时11分10秒,670.0(s),移动网页,,,,,,,,,
"	1002003113","中国	江西	赣州	",2019/4/26 20:40,2019/4/26 20:47,0小时6分42秒,402.0(s),移动网页,,,,,,,,,
"	1002047834","中国	河南	新乡	",2019/4/26 20:41,2019/4/26 21:10,0小时29分49秒,1789.0(s),移动网页,,,,,,,,,
"	1002044048","中国	陕西	西安	",2019/4/26 20:41,2019/4/26 21:00,0小时19分8秒,1148.0(s),个人电脑,,,,,,,,,
"	1002003171","中国	新疆	乌鲁木齐	",2019/4/26 20:42,2019/4/26 20:42,0小时0分10秒,10.0(s),个人电脑,,,,,,,,,
"	1001999850","中国	江西	赣州	",2019/4/26 20:42,2019/4/26 20:46,0小时4分24秒,264.0(s),移动网页,,,,,,,,,
"	1002018038","中国	江西	赣州	",2019/4/26 20:42,2019/4/26 21:01,0小时19分5秒,1145.0(s),移动网页,,,,,,,,,
"	1001911902","中国	江苏	无锡	",2019/4/26 20:43,2019/4/26 20:58,0小时15分25秒,925.0(s),移动网页,,,,,,,,,
"	1001944055","中国	北京	北京	",2019/4/26 20:43,2019/4/26 20:43,0小时0分1秒,1.0(s),移动网页,,,,,,,,,
"	1001944055","中国	北京	北京	",2019/4/26 20:43,2019/4/26 20:44,0小时0分14秒,14.0(s),移动网页,,,,,,,,,
"	1002001182","中国	江西	赣州	",2019/4/26 20:44,2019/4/26 20:59,0小时14分50秒,890.0(s),移动网页,,,,,,,,,
"	1001905333","中国	新疆	哈密地区	",2019/4/26 20:44,2019/4/26 21:53,1小时8分45秒,4125.0(s),个人电脑,,,,,,,,,
"	1001944055","中国	北京	北京	",2019/4/26 20:44,2019/4/26 20:59,0小时15分14秒,914.0(s),移动网页,,,,,,,,,
"	1002003171","中国	新疆	乌鲁木齐	",2019/4/26 20:44,2019/4/26 20:45,0小时0分45秒,45.0(s),个人电脑,,,,,,,,,
"	1002003171","中国	新疆	乌鲁木齐	",2019/4/26 20:45,2019/4/26 20:48,0小时2分46秒,166.0(s),个人电脑,,,,,,,,,
"	1002098695","中国	河南	新乡	",2019/4/26 20:46,2019/4/26 20:51,0小时5分39秒,339.0(s),移动网页,,,,,,,,,
"	1002003115","中国	江苏	无锡	",2019/4/26 20:46,2019/4/26 21:02,0小时15分42秒,942.0(s),移动网页,,,,,,,,,
"	1001949960","中国	江苏	无锡	",2019/4/26 20:46,2019/4/26 20:51,0小时4分50秒,290.0(s),移动网页,,,,,,,,,
"	1001989358","中国	河南	新乡	",2019/4/26 20:47,2019/4/26 21:53,1小时5分57秒,3957.0(s),移动网页,,,,,,,,,
"	1002024826","中国	江苏	无锡	",2019/4/26 20:47,2019/4/26 20:47,0小时0分18秒,18.0(s),移动网页,,,,,,,,,
"	1002069182","中国	河南	新乡	",2019/4/26 20:48,2019/4/26 20:52,0小时4分59秒,299.0(s),移动网页,,,,,,,,,
"	1002024826","中国	江苏	无锡	",2019/4/26 20:48,2019/4/26 20:59,0小时11分6秒,666.0(s),移动网页,,,,,,,,,
"	1001990696","中国	江西	赣州	",2019/4/26 20:48,2019/4/26 21:04,0小时15分39秒,939.0(s),移动网页,,,,,,,,,
"	1002020051","中国	新疆		",2019/4/26 20:48,2019/4/26 20:59,0小时10分23秒,623.0(s),移动网页,,,,,,,,,
"	1001949919","中国	陕西	西安	",2019/4/26 20:49,2019/4/26 21:53,1小时3分38秒,3818.0(s),个人电脑,,,,,,,,,
"	1002017433","中国	新疆	乌鲁木齐	",2019/4/26 20:49,2019/4/26 21:52,1小时2分32秒,3752.0(s),个人电脑,,,,,,,,,
"	1002018076","中国	江西	赣州	",2019/4/26 20:50,2019/4/26 20:57,0小时7分16秒,436.0(s),移动网页,,,,,,,,,
"	1002000196","中国	江西	赣州	",2019/4/26 20:50,2019/4/26 20:54,0小时4分0秒,240.0(s),移动网页,,,,,,,,,
"	1002049415","中国	江苏	无锡	",2019/4/26 20:50,2019/4/26 20:55,0小时5分3秒,303.0(s),移动网页,,,,,,,,,
"	1002077242","中国	江苏	无锡	",2019/4/26 20:51,2019/4/26 21:00,0小时8分27秒,507.0(s),移动网页,,,,,,,,,
"	1001949960","中国	江苏	无锡	",2019/4/26 20:51,2019/4/26 20:58,0小时7分10秒,430.0(s),移动网页,,,,,,,,,
"	1002098695","中国	河南	新乡	",2019/4/26 20:51,2019/4/26 20:59,0小时7分8秒,428.0(s),移动网页,,,,,,,,,
"	1002069185","中国	河南	新乡	",2019/4/26 20:52,2019/4/26 21:04,0小时11分45秒,705.0(s),移动网页,,,,,,,,,
"	1002018056","中国	江苏	无锡	",2019/4/26 20:52,2019/4/26 20:53,0小时0分39秒,39.0(s),移动网页,,,,,,,,,
"	1002049416","中国	新疆	昌吉回族自治州	",2019/4/26 20:53,2019/4/26 20:54,0小时0分31秒,31.0(s),移动网页,,,,,,,,,
"	1002049416","中国	江苏	无锡	",2019/4/26 20:54,2019/4/26 20:59,0小时4分37秒,277.0(s),移动网页,,,,,,,,,
"	1002069182","中国	河南	新乡	",2019/4/26 20:55,2019/4/26 20:58,0小时3分32秒,212.0(s),移动网页,,,,,,,,,
"	1002094437","中国	河南	新乡	",2019/4/26 20:56,2019/4/26 21:01,0小时5分3秒,303.0(s),移动网页,,,,,,,,,
"	1002018345","中国	江西	赣州	",2019/4/26 20:56,2019/4/26 20:59,0小时3分32秒,212.0(s),移动网页,,,,,,,,,
"	1002000222","中国	江苏	无锡	",2019/4/26 20:56,2019/4/26 20:57,0小时1分12秒,72.0(s),移动网页,,,,,,,,,
"	1002018081","中国	河南	新乡	",2019/4/26 20:56,2019/4/26 21:01,0小时4分50秒,290.0(s),移动网页,,,,,,,,,
"	1002099785","中国	江苏	无锡	",2019/4/26 20:57,2019/4/26 21:11,0小时14分21秒,861.0(s),移动网页,,,,,,,,,
"	1002018076","中国	江西	赣州	",2019/4/26 20:57,2019/4/26 20:59,0小时1分46秒,106.0(s),移动网页,,,,,,,,,
"	1002000222","中国	江苏	无锡	",2019/4/26 20:57,2019/4/26 20:58,0小时0分28秒,28.0(s),移动网页,,,,,,,,,
"	1002000222","中国	江苏	无锡	",2019/4/26 20:58,2019/4/26 20:58,0小时0分16秒,16.0(s),移动网页,,,,,,,,,
"	1001943742","中国	江西	赣州	",2019/4/26 20:58,2019/4/26 21:06,0小时7分45秒,465.0(s),移动网页,,,,,,,,,
"	1002077111","中国	江苏	无锡	",2019/4/26 20:58,2019/4/26 21:23,0小时25分6秒,1506.0(s),移动网页,,,,,,,,,
"	1002018082","中国	江苏	无锡	",2019/4/26 20:58,2019/4/26 20:59,0小时0分42秒,42.0(s),移动网页,,,,,,,,,
"	1002000222","中国	陕西	西安	",2019/4/26 20:58,2019/4/26 20:59,0小时0分54秒,54.0(s),移动网页,,,,,,,,,
"	1001943482","中国	新疆		",2019/4/26 20:59,2019/4/26 21:51,0小时52分27秒,3147.0(s),个人电脑,,,,,,,,,
"	1001949943","中国	陕西	西安	",2019/4/26 20:59,2019/4/26 21:53,0小时53分30秒,3210.0(s),个人电脑,,,,,,,,,
"	1002091774","中国	陕西	西安	",2019/4/26 20:59,2019/4/26 21:03,0小时4分2秒,242.0(s),个人电脑,,,,,,,,,
"	1002018076","中国	江西	赣州	",2019/4/26 20:59,2019/4/26 21:10,0小时10分45秒,645.0(s),移动网页,,,,,,,,,
"	1002047840","中国	中国		",2019/4/26 20:59,2019/4/26 21:52,0小时52分44秒,3164.0(s),个人电脑,,,,,,,,,
"	1002051509","中国	新疆		",2019/4/26 20:59,2019/4/26 21:52,0小时53分12秒,3192.0(s),个人电脑,,,,,,,,,
"	1002020066","中国	新疆	乌鲁木齐	",2019/4/26 20:59,2019/4/26 21:21,0小时21分43秒,1303.0(s),个人电脑,,,,,,,,,
"	1002077244","中国	陕西	西安	",2019/4/26 20:59,2019/4/26 21:52,0小时53分7秒,3187.0(s),个人电脑,,,,,,,,,
"	1002018075","中国	江西	赣州	",2019/4/26 20:59,2019/4/26 21:26,0小时26分26秒,1586.0(s),移动网页,,,,,,,,,
"	1002000222","中国	河南	新乡	",2019/4/26 20:59,2019/4/26 21:07,0小时7分48秒,468.0(s),移动网页,,,,,,,,,
"	1002091773","中国	江西	赣州	",2019/4/26 20:59,2019/4/26 21:00,0小时0分59秒,59.0(s),移动网页,,,,,,,,,
"	1002050352","中国	陕西	西安	",2019/4/26 20:59,2019/4/26 21:10,0小时10分21秒,621.0(s),个人电脑,,,,,,,,,
"	1002023755","中国	江苏		",2019/4/26 20:59,2019/4/26 21:23,0小时23分19秒,1399.0(s),个人电脑,,,,,,,,,
"	1001989667","中国	河南	新乡	",2019/4/26 20:59,2019/4/26 21:04,0小时4分20秒,260.0(s),移动网页,,,,,,,,,
"	1002057802","中国	河南	新乡	",2019/4/26 20:59,2019/4/26 21:00,0小时0分51秒,51.0(s),移动网页,,,,,,,,,
"	1002018043","中国	新疆		",2019/4/26 21:00,2019/4/26 21:53,0小时52分56秒,3176.0(s),个人电脑,,,,,,,,,
"	1002001182","中国	江西	赣州	",2019/4/26 21:00,2019/4/26 21:09,0小时9分29秒,569.0(s),移动网页,,,,,,,,,
"	1002044048","中国	陕西	西安	",2019/4/26 21:00,2019/4/26 21:09,0小时9分14秒,554.0(s),个人电脑,,,,,,,,,
"	1002091773","中国	江西	赣州	",2019/4/26 21:00,2019/4/26 21:01,0小时0分51秒,51.0(s),移动网页,,,,,,,,,
"	1002077110","中国	河南	新乡	",2019/4/26 21:00,2019/4/26 21:01,0小时0分14秒,14.0(s),移动网页,,,,,,,,,
"	1002098695","中国	江苏	无锡	",2019/4/26 21:01,2019/4/26 21:01,0小时0分29秒,29.0(s),移动网页,,,,,,,,,
"	1002018038","中国	新疆		",2019/4/26 21:01,2019/4/26 21:01,0小时0分5秒,5.0(s),移动网页,,,,,,,,,
"	1002018038","中国	新疆		",2019/4/26 21:01,2019/4/26 21:03,0小时1分23秒,83.0(s),移动网页,,,,,,,,,
"	1002091773","中国	江苏	无锡	",2019/4/26 21:01,2019/4/26 21:02,0小时0分44秒,44.0(s),移动网页,,,,,,,,,
"	1001944055","中国	北京	北京	",2019/4/26 21:01,2019/4/26 21:01,0小时0分10秒,10.0(s),移动网页,,,,,,,,,
"	1002018081","中国	江苏	无锡	",2019/4/26 21:01,2019/4/26 21:03,0小时1分42秒,102.0(s),移动网页,,,,,,,,,
"	1002098765","中国	江苏	无锡	",2019/4/26 21:02,2019/4/26 21:03,0小时1分39秒,99.0(s),移动网页,,,,,,,,,
"	1002085968","中国	江西	赣州	",2019/4/26 21:02,2019/4/26 21:04,0小时1分44秒,104.0(s),移动网页,,,,,,,,,
"	1002071231","中国	河南	新乡	",2019/4/26 21:02,2019/4/26 21:02,0小时0分25秒,25.0(s),移动网页,,,,,,,,,
"	1002091773","中国	江苏	无锡	",2019/4/26 21:02,2019/4/26 21:04,0小时1分30秒,90.0(s),移动网页,,,,,,,,,
"	1001950004","中国	陕西	西安	",2019/4/26 21:02,2019/4/26 21:05,0小时2分26秒,146.0(s),移动网页,,,,,,,,,
"	1002098695","中国	江苏	无锡	",2019/4/26 21:02,2019/4/26 21:04,0小时1分23秒,83.0(s),移动网页,,,,,,,,,
"	1002003115","中国	江苏	无锡	",2019/4/26 21:02,2019/4/26 21:46,0小时43分57秒,2637.0(s),移动网页,,,,,,,,,
"	1002091774","中国	陕西	西安	",2019/4/26 21:03,2019/4/26 21:42,0小时39分8秒,2348.0(s),个人电脑,,,,,,,,,
"	1002018038","中国	河南	新乡	",2019/4/26 21:03,2019/4/26 21:04,0小时0分58秒,58.0(s),移动网页,,,,,,,,,
"	1002018081","中国	河南	新乡	",2019/4/26 21:03,2019/4/26 21:05,0小时1分40秒,100.0(s),移动网页,,,,,,,,,
"	1002071229","中国	陕西		",2019/4/26 21:03,2019/4/26 21:08,0小时4分11秒,251.0(s),移动网页,,,,,,,,,
"	1001990696","中国	江苏	无锡	",2019/4/26 21:04,2019/4/26 21:09,0小时5分25秒,325.0(s),移动网页,,,,,,,,,
"	1002091773","中国	江苏	无锡	",2019/4/26 21:04,2019/4/26 21:06,0小时2分3秒,123.0(s),移动网页,,,,,,,,,
"	1001949940","中国	江苏	无锡	",2019/4/26 21:04,2019/4/26 21:07,0小时3分0秒,180.0(s),移动网页,,,,,,,,,
"	1001989667","中国	陕西	西安	",2019/4/26 21:04,2019/4/26 21:09,0小时5分24秒,324.0(s),移动网页,,,,,,,,,
"	1002098695","中国	江苏	无锡	",2019/4/26 21:04,2019/4/26 21:10,0小时5分28秒,328.0(s),移动网页,,,,,,,,,
"	1002071231","中国	河南	新乡	",2019/4/26 21:05,2019/4/26 21:05,0小时0分10秒,10.0(s),移动网页,,,,,,,,,
"	1002018038","中国	江西	赣州	",2019/4/26 21:05,2019/4/26 21:06,0小时0分54秒,54.0(s),移动网页,,,,,,,,,
"	1002003171","中国	新疆	乌鲁木齐	",2019/4/26 21:05,2019/4/26 21:07,0小时1分8秒,68.0(s),个人电脑,,,,,,,,,
"	1002085968","中国	新疆		",2019/4/26 21:06,2019/4/26 21:23,0小时17分25秒,1045.0(s),移动网页,,,,,,,,,
"	1002091773","中国	江苏	无锡	",2019/4/26 21:06,2019/4/26 21:20,0小时14分1秒,841.0(s),移动网页,,,,,,,,,
"	1001984328","中国	陕西	西安	",2019/4/26 21:06,2019/4/26 21:38,0小时31分40秒,1900.0(s),移动网页,,,,,,,,,
"	1001950004","中国	陕西	西安	",2019/4/26 21:06,2019/4/26 21:51,0小时45分29秒,2729.0(s),移动网页,,,,,,,,,
"	1001943742","中国	江西	赣州	",2019/4/26 21:06,2019/4/26 21:51,0小时45分6秒,2706.0(s),移动网页,,,,,,,,,
"	1002071231","中国	河南	新乡	",2019/4/26 21:06,2019/4/26 21:51,0小时45分6秒,2706.0(s),移动网页,,,,,,,,,
"	1002018038","中国	江西	赣州	",2019/4/26 21:06,2019/4/26 21:53,0小时46分18秒,2778.0(s),移动网页,,,,,,,,,
"	1002003274","中国	江苏	无锡	",2019/4/26 21:06,2019/4/26 21:07,0小时1分6秒,66.0(s),移动网页,,,,,,,,,
"	1001915943","中国	新疆	乌鲁木齐	",2019/4/26 21:07,2019/4/26 21:07,0小时0分20秒,20.0(s),个人电脑,,,,,,,,,
"	1001999921","中国	江西	赣州	",2019/4/26 21:07,2019/4/26 21:49,0小时42分38秒,2558.0(s),移动网页,,,,,,,,,
"	1002044040","中国	江苏	无锡	",2019/4/26 21:07,2019/4/26 21:51,0小时43分58秒,2638.0(s),移动网页,,,,,,,,,
"	1001986673","中国	江西	赣州	",2019/4/26 21:07,2019/4/26 21:50,0小时42分55秒,2575.0(s),移动网页,,,,,,,,,
"	1002018081","中国	陕西	西安	",2019/4/26 21:07,2019/4/26 21:51,0小时44分22秒,2662.0(s),移动网页,,,,,,,,,
"	1002018014","中国	江苏	无锡	",2019/4/26 21:07,2019/4/26 21:52,0小时44分46秒,2686.0(s),移动网页,,,,,,,,,
"	1001985004","中国	江西	赣州	",2019/4/26 21:07,2019/4/26 21:52,0小时44分39秒,2679.0(s),移动网页,,,,,,,,,
"	1002020051","中国	新疆		",2019/4/26 21:07,2019/4/26 21:09,0小时1分46秒,106.0(s),移动网页,,,,,,,,,
"	1002003274","中国	新疆	乌鲁木齐	",2019/4/26 21:07,2019/4/26 21:53,0小时45分3秒,2703.0(s),个人电脑,,,,,,,,,
"	1002000222","中国	江苏	无锡	",2019/4/26 21:08,2019/4/26 21:09,0小时1分2秒,62.0(s),移动网页,,,,,,,,,
"	1001987333","中国	江西	赣州	",2019/4/26 21:08,2019/4/26 21:17,0小时9分48秒,588.0(s),移动网页,,,,,,,,,
"	1002098765","中国	江苏	无锡	",2019/4/26 21:08,2019/4/26 21:52,0小时44分8秒,2648.0(s),移动网页,,,,,,,,,
"	1002071229","中国	陕西		",2019/4/26 21:08,2019/4/26 21:42,0小时34分31秒,2071.0(s),移动网页,,,,,,,,,
"	1002057856","中国	江苏	无锡	",2019/4/26 21:08,2019/4/26 21:53,0小时44分32秒,2672.0(s),移动网页,,,,,,,,,
"	1002091764","中国	河南	新乡	",2019/4/26 21:08,2019/4/26 21:14,0小时6分7秒,367.0(s),移动网页,,,,,,,,,
"	1002069183","中国	江西	赣州	",2019/4/26 21:08,2019/4/26 21:52,0小时43分21秒,2601.0(s),移动网页,,,,,,,,,
"	1002045455","中国	江西	赣州	",2019/4/26 21:08,2019/4/26 21:32,0小时24分8秒,1448.0(s),移动网页,,,,,,,,,
"	1002077113","中国	江苏	无锡	",2019/4/26 21:08,2019/4/26 21:52,0小时43分52秒,2632.0(s),移动网页,,,,,,,,,
"	1002069185","中国	河南	新乡	",2019/4/26 21:08,2019/4/26 21:52,0小时43分20秒,2600.0(s),移动网页,,,,,,,,,
"	1002000222","中国	江苏	无锡	",2019/4/26 21:09,2019/4/26 21:09,0小时0分28秒,28.0(s),移动网页,,,,,,,,,
"	1002057802","中国	河南	新乡	",2019/4/26 21:09,2019/4/26 21:17,0小时8分21秒,501.0(s),移动网页,,,,,,,,,
"	1002057813","中国	江西	赣州	",2019/4/26 21:09,2019/4/26 21:51,0小时41分58秒,2518.0(s),移动网页,,,,,,,,,
"	1002094612","中国	江苏	无锡	",2019/4/26 21:09,2019/4/26 21:52,0小时43分10秒,2590.0(s),移动网页,,,,,,,,,
"	1002018364","中国	江苏	无锡	",2019/4/26 21:09,2019/4/26 21:51,0小时42分11秒,2531.0(s),移动网页,,,,,,,,,
"	1001949954","中国	陕西	西安	",2019/4/26 21:09,2019/4/26 21:28,0小时18分32秒,1112.0(s),移动网页,,,,,,,,,
"	1001911902","中国	江苏	无锡	",2019/4/26 21:09,2019/4/26 21:51,0小时42分13秒,2533.0(s),移动网页,,,,,,,,,
"	1001990696","中国	江苏	无锡	",2019/4/26 21:09,2019/4/26 21:52,0小时43分3秒,2583.0(s),移动网页,,,,,,,,,
"	1002000222","中国	陕西	西安	",2019/4/26 21:09,2019/4/26 21:10,0小时0分27秒,27.0(s),移动网页,,,,,,,,,
"	1002020051","中国	江西	赣州	",2019/4/26 21:09,2019/4/26 21:10,0小时0分22秒,22.0(s),移动网页,,,,,,,,,
"	1001944103","中国	新疆		",2019/4/26 21:09,2019/4/26 21:52,0小时42分44秒,2564.0(s),个人电脑,,,,,,,,,
"	1002044048","中国	陕西	西安	",2019/4/26 21:09,2019/4/26 21:13,0小时3分26秒,206.0(s),个人电脑,,,,,,,,,
"	1001949974","中国	陕西	西安	",2019/4/26 21:10,2019/4/26 21:10,0小时0分22秒,22.0(s),移动网页,,,,,,,,,
"	1001989667","中国	河南	新乡	",2019/4/26 21:10,2019/4/26 21:47,0小时37分24秒,2244.0(s),移动网页,,,,,,,,,
"	1002001182","中国	河南	驻马店	",2019/4/26 21:10,2019/4/26 21:15,0小时5分54秒,354.0(s),移动网页,,,,,,,,,
"	1002000222","中国	河南	新乡	",2019/4/26 21:10,2019/4/26 21:52,0小时42分20秒,2540.0(s),移动网页,,,,,,,,,
"	1002020051","中国	河南	驻马店	",2019/4/26 21:10,2019/4/26 21:51,0小时40分55秒,2455.0(s),移动网页,,,,,,,,,
"	1002050352","中国	陕西	西安	",2019/4/26 21:10,2019/4/26 21:23,0小时13分40秒,820.0(s),个人电脑,,,,,,,,,
"	1002018083","中国	江苏	无锡	",2019/4/26 21:10,2019/4/26 21:26,0小时15分56秒,956.0(s),移动网页,,,,,,,,,
"	1002018076","中国	河南	驻马店	",2019/4/26 21:10,2019/4/26 21:52,0小时41分48秒,2508.0(s),移动网页,,,,,,,,,
"	1001949974","中国	陕西	西安	",2019/4/26 21:10,2019/4/26 21:11,0小时0分43秒,43.0(s),移动网页,,,,,,,,,
"	1002098695","中国	江苏	无锡	",2019/4/26 21:10,2019/4/26 21:52,0小时42分10秒,2530.0(s),移动网页,,,,,,,,,
"	1001986713","中国	陕西		",2019/4/26 21:10,2019/4/26 21:15,0小时5分13秒,313.0(s),个人电脑,,,,,,,,,
"	1002003125","中国	江苏	无锡	",2019/4/26 21:10,2019/4/26 21:22,0小时11分29秒,689.0(s),移动网页,,,,,,,,,
"	1002047839","中国	江苏	无锡	",2019/4/26 21:10,2019/4/26 21:12,0小时1分56秒,116.0(s),移动网页,,,,,,,,,
"	1002020238","中国	河南	新乡	",2019/4/26 21:10,2019/4/26 21:51,0小时40分45秒,2445.0(s),移动网页,,,,,,,,,
"	1002091765","中国	江苏	无锡	",2019/4/26 21:10,2019/4/26 21:52,0小时41分33秒,2493.0(s),移动网页,,,,,,,,,
"	1002018082","中国	江苏	无锡	",2019/4/26 21:11,2019/4/26 21:32,0小时20分54秒,1254.0(s),移动网页,,,,,,,,,
"	1002018072","中国	江苏	无锡	",2019/4/26 21:11,2019/4/26 21:52,0小时41分28秒,2488.0(s),移动网页,,,,,,,,,
"	1002057170","中国	河南	新乡	",2019/4/26 21:11,2019/4/26 21:37,0小时26分38秒,1598.0(s),移动网页,,,,,,,,,
"	1002001169","中国	江苏	无锡	",2019/4/26 21:11,2019/4/26 21:14,0小时2分46秒,166.0(s),移动网页,,,,,,,,,
"	1002099855","中国	河南	新乡	",2019/4/26 21:11,2019/4/26 21:52,0小时41分19秒,2479.0(s),移动网页,,,,,,,,,
"	1001990590","中国	河南	驻马店	",2019/4/26 21:11,2019/4/26 21:51,0小时40分11秒,2411.0(s),移动网页,,,,,,,,,
"	1002049416","中国	江苏	无锡	",2019/4/26 21:11,2019/4/26 21:18,0小时6分51秒,411.0(s),移动网页,,,,,,,,,
"	1001949934","中国	河南	驻马店	",2019/4/26 21:11,2019/4/26 21:53,0小时41分11秒,2471.0(s),移动网页,,,,,,,,,
"	1002043033","中国	河南	驻马店	",2019/4/26 21:11,2019/4/26 21:51,0小时39分58秒,2398.0(s),移动网页,,,,,,,,,
"	1002003321","中国	河南	驻马店	",2019/4/26 21:12,2019/4/26 21:52,0小时40分40秒,2440.0(s),移动网页,,,,,,,,,
"	1001944055","中国	北京	北京	",2019/4/26 21:12,2019/4/26 21:52,0小时40分42秒,2442.0(s),移动网页,,,,,,,,,
"	1002018066","中国	江苏	无锡	",2019/4/26 21:12,2019/4/26 21:32,0小时20分44秒,1244.0(s),移动网页,,,,,,,,,
"	1001950008","中国	河南	驻马店	",2019/4/26 21:12,2019/4/26 21:53,0小时40分51秒,2451.0(s),移动网页,,,,,,,,,
"	1002099785","中国	江苏	无锡	",2019/4/26 21:12,2019/4/26 21:27,0小时14分32秒,872.0(s),移动网页,,,,,,,,,
"	1002047839","中国	江苏	无锡	",2019/4/26 21:13,2019/4/26 21:22,0小时9分4秒,544.0(s),移动网页,,,,,,,,,
"	1002044048","中国	陕西	西安	",2019/4/26 21:13,2019/4/26 21:15,0小时2分25秒,145.0(s),个人电脑,,,,,,,,,
"	1002003102","中国	江苏	无锡	",2019/4/26 21:13,2019/4/26 21:52,0小时38分30秒,2310.0(s),移动网页,,,,,,,,,
"	1002024826","中国	江苏	无锡	",2019/4/26 21:13,2019/4/26 21:20,0小时6分21秒,381.0(s),移动网页,,,,,,,,,
"	1002018069","中国	河南	驻马店	",2019/4/26 21:14,2019/4/26 21:23,0小时9分39秒,579.0(s),移动网页,,,,,,,,,
"	1002001169","中国	江苏	无锡	",2019/4/26 21:14,2019/4/26 21:26,0小时11分53秒,713.0(s),移动网页,,,,,,,,,
"	1001949940","中国	江苏	无锡	",2019/4/26 21:14,2019/4/26 21:20,0小时6分9秒,369.0(s),移动网页,,,,,,,,,
"	1002000138","中国	新疆		",2019/4/26 21:14,2019/4/26 21:53,0小时38分33秒,2313.0(s),个人电脑,,,,,,,,,
"	1001949960","中国	江苏	无锡	",2019/4/26 21:14,2019/4/26 21:15,0小时0分54秒,54.0(s),移动网页,,,,,,,,,
"	1001949960","中国	江苏	无锡	",2019/4/26 21:15,2019/4/26 21:35,0小时20分12秒,1212.0(s),移动网页,,,,,,,,,
"	1002044048","中国	陕西	西安	",2019/4/26 21:15,2019/4/26 21:19,0小时3分23秒,203.0(s),个人电脑,,,,,,,,,
"	1002057802","中国	河南	新乡	",2019/4/26 21:17,2019/4/26 21:53,0小时35分16秒,2116.0(s),移动网页,,,,,,,,,
"	1002049416","中国	江苏	无锡	",2019/4/26 21:18,2019/4/26 21:27,0小时9分9秒,549.0(s),移动网页,,,,,,,,,
"	1001987333","中国	河南	驻马店	",2019/4/26 21:18,2019/4/26 21:52,0小时33分30秒,2010.0(s),移动网页,,,,,,,,,
"	1002001182","中国	河南	驻马店	",2019/4/26 21:18,2019/4/26 21:51,0小时32分9秒,1929.0(s),移动网页,,,,,,,,,
"	1002044048","中国	陕西	西安	",2019/4/26 21:19,2019/4/26 21:25,0小时6分3秒,363.0(s),个人电脑,,,,,,,,,
"	1002081707","中国	河南	驻马店	",2019/4/26 21:19,2019/4/26 21:52,0小时32分27秒,1947.0(s),移动网页,,,,,,,,,
"	1002000110","中国	新疆	乌鲁木齐	",2019/4/26 21:20,2019/4/26 21:20,0小时0分1秒,1.0(s),个人电脑,,,,,,,,,
"	1002024826","中国	江苏	无锡	",2019/4/26 21:20,2019/4/26 21:21,0小时0分54秒,54.0(s),移动网页,,,,,,,,,
"	1002000110","中国	新疆	乌鲁木齐	",2019/4/26 21:20,2019/4/26 21:52,0小时31分56秒,1916.0(s),个人电脑,,,,,,,,,
"	1002043029","中国	河南	新乡	",2019/4/26 21:20,2019/4/26 21:34,0小时13分43秒,823.0(s),移动网页,,,,,,,,,
"	1001949940","中国	陕西	西安	",2019/4/26 21:20,2019/4/26 21:33,0小时12分30秒,750.0(s),移动网页,,,,,,,,,
"	1002050086","中国	江苏	无锡	",2019/4/26 21:21,2019/4/26 21:21,0小时0分24秒,24.0(s),移动网页,,,,,,,,,
"	1002024826","中国	江苏	无锡	",2019/4/26 21:21,2019/4/26 21:51,0小时29分49秒,1789.0(s),移动网页,,,,,,,,,
"	1002091773","中国	江苏	无锡	",2019/4/26 21:21,2019/4/26 21:41,0小时20分29秒,1229.0(s),移动网页,,,,,,,,,
"	1002020066","中国	新疆	乌鲁木齐	",2019/4/26 21:21,2019/4/26 21:42,0小时21分17秒,1277.0(s),个人电脑,,,,,,,,,
"	1001999944","中国	江苏	无锡	",2019/4/26 21:21,2019/4/26 21:22,0小时0分55秒,55.0(s),移动网页,,,,,,,,,
"	1002094324","中国	河南	驻马店	",2019/4/26 21:22,2019/4/26 21:53,0小时30分43秒,1843.0(s),移动网页,,,,,,,,,
"	1002047839","中国	江苏	无锡	",2019/4/26 21:22,2019/4/26 21:51,0小时29分17秒,1757.0(s),移动网页,,,,,,,,,
"	1002023755","中国	江苏		",2019/4/26 21:23,2019/4/26 21:23,0小时0分45秒,45.0(s),个人电脑,,,,,,,,,
"	1002099857","中国	河南	驻马店	",2019/4/26 21:23,2019/4/26 21:51,0小时28分7秒,1687.0(s),移动网页,,,,,,,,,
"	1002085968","中国	河南	驻马店	",2019/4/26 21:23,2019/4/26 21:33,0小时10分5秒,605.0(s),移动网页,,,,,,,,,
"	1002018069","中国	河南	驻马店	",2019/4/26 21:23,2019/4/26 21:24,0小时0分39秒,39.0(s),移动网页,,,,,,,,,
"	1001985066","中国	新疆	塔城地区	",2019/4/26 21:23,2019/4/26 21:53,0小时29分10秒,1750.0(s),个人电脑,,,,,,,,,
"	1002077111","中国	江苏	无锡	",2019/4/26 21:23,2019/4/26 21:51,0小时27分59秒,1679.0(s),移动网页,,,,,,,,,
"	1002023755","中国	江苏		",2019/4/26 21:23,2019/4/26 21:24,0小时0分5秒,5.0(s),个人电脑,,,,,,,,,
"	1002023755","中国	江苏		",2019/4/26 21:24,2019/4/26 21:53,0小时28分51秒,1731.0(s),个人电脑,,,,,,,,,
"	1002050352","中国	陕西	西安	",2019/4/26 21:24,2019/4/26 21:27,0小时3分15秒,195.0(s),个人电脑,,,,,,,,,
"	1002018069","中国	河南	驻马店	",2019/4/26 21:24,2019/4/26 21:28,0小时4分22秒,262.0(s),移动网页,,,,,,,,,
"	1002003125","中国	江苏	无锡	",2019/4/26 21:24,2019/4/26 21:52,0小时27分46秒,1666.0(s),移动网页,,,,,,,,,
"	1002018075","中国	河南	驻马店	",2019/4/26 21:26,2019/4/26 21:28,0小时2分28秒,148.0(s),移动网页,,,,,,,,,
"	1001949974","中国	河南	驻马店	",2019/4/26 21:26,2019/4/26 21:53,0小时26分31秒,1591.0(s),移动网页,,,,,,,,,
"	1002018083","中国	江苏	无锡	",2019/4/26 21:26,2019/4/26 21:52,0小时25分48秒,1548.0(s),移动网页,,,,,,,,,
"	1002001169","中国	江苏	无锡	",2019/4/26 21:27,2019/4/26 21:35,0小时8分5秒,485.0(s),移动网页,,,,,,,,,
"	1002044048","中国	陕西	西安	",2019/4/26 21:27,2019/4/26 21:27,0小时0分1秒,1.0(s),个人电脑,,,,,,,,,
"	1002049416","中国	新疆	昌吉回族自治州	",2019/4/26 21:28,2019/4/26 21:32,0小时4分0秒,240.0(s),移动网页,,,,,,,,,
"	1001949954","中国	陕西	西安	",2019/4/26 21:28,2019/4/26 21:38,0小时10分5秒,605.0(s),移动网页,,,,,,,,,
"	1002018069","中国	河南	驻马店	",2019/4/26 21:28,2019/4/26 21:30,0小时2分0秒,120.0(s),移动网页,,,,,,,,,
"	1002044048","中国	陕西	西安	",2019/4/26 21:28,2019/4/26 21:36,0小时7分21秒,441.0(s),个人电脑,,,,,,,,,
"	1002018075","中国	河南	驻马店	",2019/4/26 21:29,2019/4/26 21:29,0小时0分41秒,41.0(s),移动网页,,,,,,,,,
"	1002018075","中国	河南	驻马店	",2019/4/26 21:29,2019/4/26 21:39,0小时9分4秒,544.0(s),移动网页,,,,,,,,,
"	1002018069","中国	河南	驻马店	",2019/4/26 21:30,2019/4/26 21:33,0小时2分54秒,174.0(s),移动网页,,,,,,,,,
"	1002049416","中国	江苏	无锡	",2019/4/26 21:32,2019/4/26 21:33,0小时1分19秒,79.0(s),移动网页,,,,,,,,,
"	1002018082","中国	江苏	无锡	",2019/4/26 21:32,2019/4/26 21:42,0小时10分6秒,606.0(s),移动网页,,,,,,,,,
"	1001989666","中国	河南	新乡	",2019/4/26 21:32,2019/4/26 21:52,0小时19分58秒,1198.0(s),移动网页,,,,,,,,,
"	1002045455","中国	河南	驻马店	",2019/4/26 21:32,2019/4/26 21:52,0小时19分48秒,1188.0(s),移动网页,,,,,,,,,
"	1001949940","中国	江苏	无锡	",2019/4/26 21:33,2019/4/26 21:52,0小时19分3秒,1143.0(s),移动网页,,,,,,,,,
"	1001949989","中国	江苏	无锡	",2019/4/26 21:33,2019/4/26 21:36,0小时2分36秒,156.0(s),移动网页,,,,,,,,,
"	1002049416","中国	江苏	无锡	",2019/4/26 21:33,2019/4/26 21:39,0小时5分32秒,332.0(s),移动网页,,,,,,,,,
"	1002018069","中国	河南	驻马店	",2019/4/26 21:33,2019/4/26 21:36,0小时2分37秒,157.0(s),移动网页,,,,,,,,,
"	1002085968","中国	河南	驻马店	",2019/4/26 21:34,2019/4/26 21:52,0小时18分41秒,1121.0(s),移动网页,,,,,,,,,
"	1002043029","中国	河南	新乡	",2019/4/26 21:34,2019/4/26 21:51,0小时16分39秒,999.0(s),移动网页,,,,,,,,,
"	1002018080","中国	河南	新乡	",2019/4/26 21:34,2019/4/26 21:35,0小时0分23秒,23.0(s),移动网页,,,,,,,,,
"	1002018066","中国	江苏	无锡	",2019/4/26 21:35,2019/4/26 21:53,0小时17分57秒,1077.0(s),移动网页,,,,,,,,,
"	1002018345","中国	河南	驻马店	",2019/4/26 21:35,2019/4/26 21:53,0小时17分44秒,1064.0(s),移动网页,,,,,,,,,
"	1002001169","中国	江苏	无锡	",2019/4/26 21:35,2019/4/26 21:35,0小时0分22秒,22.0(s),移动网页,,,,,,,,,
"	1002001169","中国	江苏	无锡	",2019/4/26 21:36,2019/4/26 21:51,0小时15分46秒,946.0(s),移动网页,,,,,,,,,
"	1002044048","中国	陕西	西安	",2019/4/26 21:36,2019/4/26 21:41,0小时5分20秒,320.0(s),个人电脑,,,,,,,,,
"	1001949960","中国	江苏	无锡	",2019/4/26 21:37,2019/4/26 21:39,0小时2分49秒,169.0(s),移动网页,,,,,,,,,
"	1002018069","中国	江苏	无锡	",2019/4/26 21:37,2019/4/26 21:47,0小时9分54秒,594.0(s),移动网页,,,,,,,,,
"	1002099781","中国	河南	驻马店	",2019/4/26 21:37,2019/4/26 21:53,0小时15分26秒,926.0(s),移动网页,,,,,,,,,
"	1002057170","中国	河南	新乡	",2019/4/26 21:37,2019/4/26 21:46,0小时8分34秒,514.0(s),移动网页,,,,,,,,,
"	1001984328","中国	江苏	无锡	",2019/4/26 21:38,2019/4/26 21:51,0小时13分36秒,816.0(s),移动网页,,,,,,,,,
"	1002018075","中国	河南	驻马店	",2019/4/26 21:39,2019/4/26 21:49,0小时10分14秒,614.0(s),移动网页,,,,,,,,,
"	1002018233","中国	江苏	无锡	",2019/4/26 21:39,2019/4/26 21:53,0小时13分57秒,837.0(s),移动网页,,,,,,,,,
"	1002049416","中国	新疆	昌吉回族自治州	",2019/4/26 21:39,2019/4/26 21:52,0小时12分54秒,774.0(s),移动网页,,,,,,,,,
"	1002044048","中国	陕西	西安	",2019/4/26 21:41,2019/4/26 21:44,0小时2分32秒,152.0(s),个人电脑,,,,,,,,,
"	1002091773","中国	江苏	无锡	",2019/4/26 21:42,2019/4/26 21:52,0小时10分13秒,613.0(s),移动网页,,,,,,,,,
"	1002018082","中国	江苏	无锡	",2019/4/26 21:42,2019/4/26 21:52,0小时9分52秒,592.0(s),移动网页,,,,,,,,,
"	1002020066","中国	新疆	乌鲁木齐	",2019/4/26 21:42,2019/4/26 21:42,0小时0分2秒,2.0(s),个人电脑,,,,,,,,,
"	1002091774","中国	陕西	西安	",2019/4/26 21:42,2019/4/26 21:51,0小时9分6秒,546.0(s),个人电脑,,,,,,,,,
"	1002071229","中国	河南	驻马店	",2019/4/26 21:42,2019/4/26 21:53,0小时10分10秒,610.0(s),移动网页,,,,,,,,,
"	1001949954","中国	陕西	西安	",2019/4/26 21:43,2019/4/26 21:44,0小时0分56秒,56.0(s),个人电脑,,,,,,,,,
"	1002020066","中国	新疆	乌鲁木齐	",2019/4/26 21:43,2019/4/26 21:53,0小时9分10秒,550.0(s),个人电脑,,,,,,,,,
"	1002044048","中国	陕西	西安	",2019/4/26 21:44,2019/4/26 21:46,0小时2分22秒,142.0(s),个人电脑,,,,,,,,,
"	1001949954","中国	陕西	西安	",2019/4/26 21:44,2019/4/26 21:52,0小时7分8秒,428.0(s),个人电脑,,,,,,,,,
"	1002043124","中国	新疆	乌鲁木齐	",2019/4/26 21:46,2019/4/26 21:51,0小时5分7秒,307.0(s),个人电脑,,,,,,,,,
"	1002044048","中国	陕西	西安	",2019/4/26 21:46,2019/4/26 21:53,0小时6分10秒,370.0(s),个人电脑,,,,,,,,,
"	1002057170","中国	河南	新乡	",2019/4/26 21:46,2019/4/26 21:51,0小时4分32秒,272.0(s),移动网页,,,,,,,,,
"	1002018069","中国	江苏	无锡	",2019/4/26 21:47,2019/4/26 21:48,0小时1分35秒,95.0(s),移动网页,,,,,,,,,
"	1001989667","中国	河南	新乡	",2019/4/26 21:47,2019/4/26 21:52,0小时4分44秒,284.0(s),移动网页,,,,,,,,,
"	1002018069","中国	江苏	无锡	",2019/4/26 21:48,2019/4/26 21:49,0小时0分25秒,25.0(s),移动网页,,,,,,,,,
"	1002018069","中国	江苏	无锡	",2019/4/26 21:49,2019/4/26 21:52,0小时3分0秒,180.0(s),移动网页,,,,,,,,,
"	1002018075","中国	河南	驻马店	",2019/4/26 21:49,2019/4/26 21:51,0小时1分19秒,79.0(s),移动网页,,,,,,,,,
"	1001986673","中国	河南	驻马店	",2019/4/26 21:50,2019/4/26 21:52,0小时1分48秒,108.0(s),移动网页,,,,,,,,,
"	1002024826","中国	江苏	无锡	",2019/4/26 21:51,2019/4/26 21:51,0小时0分30秒,30.0(s),移动网页,,,,,,,,,
"	1002099857","中国	河南	驻马店	",2019/4/26 21:51,2019/4/26 21:52,0小时0分33秒,33.0(s),移动网页,,,,,,,,,
"	1002044040","中国	河南	驻马店	",2019/4/26 21:51,2019/4/26 21:52,0小时1分2秒,62.0(s),移动网页,,,,,,,,,
"	1002043124","中国	新疆	乌鲁木齐	",2019/4/26 21:51,2019/4/26 21:52,0小时0分2秒,2.0(s),个人电脑,,,,,,,,,
"	1002098695","中国	陕西	西安	",2019/4/26 21:52,2019/4/26 21:52,0小时0分10秒,10.0(s),移动网页,,,,,,,,,
"	1001944103","中国	新疆		",2019/4/26 21:52,2019/4/26 21:53,0小时0分21秒,21.0(s),个人电脑,,,,,,,,,
"	1002091765","中国	江苏	无锡	",2019/4/26 21:52,2019/4/26 21:53,0小时0分18秒,18.0(s),移动网页,,,,,,,,,
"	1002050348","中国	陕西	西安	",2019/4/26 21:52,2019/4/26 21:53,0小时0分15秒,15.0(s),个人电脑,,,,,,,,,
"	1002081707","中国	河南	驻马店	",2019/4/26 21:52,2019/4/26 21:52,0小时0分2秒,2.0(s),移动网页,,,,,,,,,
"	1002077244","中国	陕西	西安	",2019/4/26 21:52,2019/4/26 21:53,0小时0分11秒,11.0(s),个人电脑,,,,,,,,,
"	1002051509","中国	新疆		",2019/4/26 21:52,2019/4/26 21:53,0小时0分10秒,10.0(s),个人电脑,,,,,,,,,
